bp,m,e,time,
80,150,0,34,34.0000006467
300,150,0,10,9.0673571747
80,1,1250,34,33.9999626611
300,1,1250,10,9.9999737031
80,620,1300,81,80.9999531307
300,620,1300,21,20.9999606387
80,210,3200,66,65.9997227587
300,210,3200,18,17.9997497267
80,370,4000,101,89.1275842307
300,370,4000,27,26.9995878387
